title,url_link
컴퓨터프로그래머 - 커리어넷http://www.career.go.kr › base › juniorJob › juniorView,http://www.career.go.kr/cnet/front/base/juniorJob/juniorView.do?JUNIOR_SEQ=10580&tabVal=7
"10대에 프로그래머가 되고 싶은 나, 어떻게 할까?(지식은 모험 ...http://www.kyobobook.co.kr › product › detailViewKor",http://www.kyobobook.co.kr/product/detailViewKor.laf?mallGb=KOR&ejkGb=KOR&barcode=9791157821051
60 + 무료 프로그래머 & 컴퓨터 이미지 - Pixabayhttps://pixabay.com › images › search › 프로그래머,https://pixabay.com/ko/images/search/%ED%94%84%EB%A1%9C%EA%B7%B8%EB%9E%98%EB%A8%B8/
"10대에 프로그래머가 되고 싶은 나, 어떻게 할까? - 알라딘https://www.aladin.co.kr › shop › wproduct",https://www.aladin.co.kr/shop/wproduct.aspx?ItemId=259678477
프로그래머의 뇌 - 알라딘https://www.aladin.co.kr › shop › wproduct,https://www.aladin.co.kr/shop/wproduct.aspx?ItemId=285967039
개발자 & 프로그래머 웃긴 짤 모음 - 바보도 코딩합니다https://babodocoding.tistory.com › ...,https://babodocoding.tistory.com/m/44
프로그래머 - YES24http://m.yes24.com › search › search › query=프로그래...,http://m.yes24.com/search/search?query=%ED%94%84%EB%A1%9C%EA%B7%B8%EB%9E%98%EB%A8%B8&keyword_yn=y
프로그래머 직업 - 프로그래밍 입문https://opentutorials.org › course,https://opentutorials.org/course/2623/14838
공학 > 프로그래머https://v.vivasam.com › jobConslt › creative03-10,https://v.vivasam.com/fountain_html/old_visangtext/jobConslt/creative03-10.html
프로그래머의 리더십 - 한빛출판네트워크https://m.hanbit.co.kr › store › books › book_view,https://m.hanbit.co.kr/store/books/book_view.html?p_code=B4109023080
컴퓨터프로그래머 - 커리어넷http://www.career.go.kr › base › juniorJob › juniorView,http://www.career.go.kr/cnet/front/base/juniorJob/juniorView.do?JUNIOR_SEQ=10580&tabVal=7
"10대에 프로그래머가 되고 싶은 나, 어떻게 할까?(지식은 모험 ...http://www.kyobobook.co.kr › product › detailViewKor",http://www.kyobobook.co.kr/product/detailViewKor.laf?mallGb=KOR&ejkGb=KOR&barcode=9791157821051
60 + 무료 프로그래머 & 컴퓨터 이미지 - Pixabayhttps://pixabay.com › images › search › 프로그래머,https://pixabay.com/ko/images/search/%ED%94%84%EB%A1%9C%EA%B7%B8%EB%9E%98%EB%A8%B8/
"10대에 프로그래머가 되고 싶은 나, 어떻게 할까? - 알라딘https://www.aladin.co.kr › shop › wproduct",https://www.aladin.co.kr/shop/wproduct.aspx?ItemId=259678477
프로그래머의 뇌 - 알라딘https://www.aladin.co.kr › shop › wproduct,https://www.aladin.co.kr/shop/wproduct.aspx?ItemId=285967039
개발자 & 프로그래머 웃긴 짤 모음 - 바보도 코딩합니다https://babodocoding.tistory.com › ...,https://babodocoding.tistory.com/m/44
프로그래머 - YES24http://m.yes24.com › search › search › query=프로그래...,http://m.yes24.com/search/search?query=%ED%94%84%EB%A1%9C%EA%B7%B8%EB%9E%98%EB%A8%B8&keyword_yn=y
프로그래머 직업 - 프로그래밍 입문https://opentutorials.org › course,https://opentutorials.org/course/2623/14838
공학 > 프로그래머https://v.vivasam.com › jobConslt › creative03-10,https://v.vivasam.com/fountain_html/old_visangtext/jobConslt/creative03-10.html
프로그래머의 리더십 - 한빛출판네트워크https://m.hanbit.co.kr › store › books › book_view,https://m.hanbit.co.kr/store/books/book_view.html?p_code=B4109023080
다크 프로그래머https://darkpgmr.tistory.com,https://darkpgmr.tistory.com/
프로그래머스 공식 블로그https://prgms.tistory.com,https://prgms.tistory.com/
프로그래머 종류의 모든 것 | 경력직은 잡인덱스https://www.jobindexworld.com › contents › view,https://www.jobindexworld.com/contents/view/3960
프로그래머 - 브런치https://brunch.co.kr › ...,https://brunch.co.kr/@@2CBu/127
프로그래머로서의 성장을 도왔던 태도들 - ahn.heejonghttps://ahnheejong.name › becoming-better-programmer,https://ahnheejong.name/articles/becoming-better-programmer/
프로그래머 - 통합검색 | 잡코리아 - jobkorea.co.krhttps://www.jobkorea.co.kr › search › stext=프로그래머,https://www.jobkorea.co.kr/search/?stext=%ED%94%84%EB%A1%9C%EA%B7%B8%EB%9E%98%EB%A8%B8
컴퓨터프로그래머에 대해! - Naver Posthttps://post.naver.com › viewer › postView,https://post.naver.com/viewer/postView.nhn?volumeNo=28681368&memberNo=1066885
"10대에 프로그래머가 되고 싶은 나, 어떻게 할까? - 도서http://mbook.interpark.com › shop › product › detail",http://mbook.interpark.com/shop/product/detail?prdNo=351769252
[우리가 모르는 개발자 생태계] '개발자? 프로그래머? 코더?'들의 ...http://it.chosun.com › site › data › html_dir › 2020/12/18,http://it.chosun.com/site/data/html_dir/2020/12/18/2020121800388.html
프로그래머 악세사리 - 엘레파츠https://m.eleparts.co.kr › goods › catalog,https://m.eleparts.co.kr/goods/catalog?code=001700340016
[생계형 개발자입니다] 현직자가 느끼는 프로그래머의 단점https://www.mobiinside.co.kr › 인사이트,https://www.mobiinside.co.kr/2021/04/20/developer-demerits/
직업의 세계 <19> 컴퓨터 프로그래머 | 중앙일보https://www.joongang.co.kr › article,https://www.joongang.co.kr/article/3335248
0.1. 프로그래머 programmer vs 개발자 developer vs 엔지니어 ...https://www.wikidocs.net › ...,https://www.wikidocs.net/113738
Unity 인증 프로페셔널: 프로그래머 | 게임 개발 자격증https://unity.com › ... › Unity 인증 시험,https://unity.com/kr/products/unity-certifications/professional-programmer
"프로그래머와 개발자의 차이점   | IT | Vingle, Interest Networkhttps://www.vingle.net › posts",https://www.vingle.net/posts/563711
'프로그래머'라는 직업의 탄생 - 로켓펀치 공식 블로그https://blog.rocketpunch.com › the-first-programmers,https://blog.rocketpunch.com/2017/04/14/the-first-programmers/
프로그래머를 지망하는 지망생들을 위한 안내서. - GameMookhttps://gamemook.com › ...,https://gamemook.com/252
컴퓨터 프로그래머 구인 관련 취업정보 - 인디드https://kr.indeed.com › 컴퓨터-프로그래머-구인직-취업,https://kr.indeed.com/%EC%BB%B4%ED%93%A8%ED%84%B0-%ED%94%84%EB%A1%9C%EA%B7%B8%EB%9E%98%EB%A8%B8-%EA%B5%AC%EC%9D%B8%EC%A7%81-%EC%B7%A8%EC%97%85
K리그 프로그래머 | 은퇴한 개발자의 스몰토크https://jeho.page,https://jeho.page/
직업알아보기 > 컴퓨터프로그래머 | JNJO2003060081https://www.lgsl.kr › sto › jobs › JNJO2003060081,https://www.lgsl.kr/sto/jobs/JNJO2003060081
프로그래머의 현실을 알려드리겠습니다-[프로그래밍] 갤러리 ...https://m.dcinside.com › board › programming,https://m.dcinside.com/board/programming/1789528
세계최고의 프로그래머는 누구일까? - Steemithttps://steemit.com › ...,https://steemit.com/kr/@urobotics/73x6ad
좋은 프로그래머가 되려면 | Hohyeon Moonhttps://www.hohyeonmoon.com › blog › method-good...,https://www.hohyeonmoon.com/blog/method-good-programmer
개발자 직무별 특징 정리! 처우와 진출분야는? - 코딩월드뉴스http://www.codingworldnews.com › news › articleView,http://www.codingworldnews.com/news/articleView.html?idxno=2136
[프로그래머] 김천겸 - 현직자 인터뷰 - 사람인https://www.saramin.co.kr › 사람인 › 현직자 인터뷰,https://www.saramin.co.kr/zf_user/career-information/senior-view?doc_idx=4757
컴퓨터프로그래머 - 워크넷https://www.work.go.kr › jobInfoSrch › summaryExmpl,https://www.work.go.kr/consltJobCarpa/srch/jobInfoSrch/summaryExmpl.do?jobNm=20232
프로그래머 - 해시넷 위키http://wiki.hash.kr › index.php › 프로그래머,http://wiki.hash.kr/index.php/%ED%94%84%EB%A1%9C%EA%B7%B8%EB%9E%98%EB%A8%B8
대기업(1000명 이상) - 웹프로그래머 :: 인크루트 채용정보https://job.incruit.com › jobdb_list › searchjob,https://job.incruit.com/jobdb_list/searchjob.asp?ct=10&ty=1&cd=3&occ2=574
프로그래머 종류와 프로그래머 개발자에 대해서 - 모든 메뉴얼https://manualz.kr › entry › 프로그래머-개발자에-대해...,https://manualz.kr/entry/%ED%94%84%EB%A1%9C%EA%B7%B8%EB%9E%98%EB%A8%B8-%EA%B0%9C%EB%B0%9C%EC%9E%90%EC%97%90-%EB%8C%80%ED%95%B4%EC%84%9C
"고졸 vs 명문대생, 계급장 떼고 맞짱 뜨는 프로그래머의 세계https://shindonga.donga.com › all",https://shindonga.donga.com/3/all/13/2628550/1
"

[#유퀴즈온더블럭] 독학으로 시작한 프로그래밍, 이제는 사명감으로  | #Diggle
",https://www.youtube.com/watch?v=pYYnycoVmB8
"

개발자 하지마세요! 프로그래머 단점.
",https://www.youtube.com/watch?v=tEaozlHXNB8
"

웹프로그래머는 쉽다고?
",https://www.youtube.com/watch?v=WWBNZ7Gczcw
"

IT 개발자로 취직하면 마주하는 진짜 개발자 현실
",https://www.youtube.com/watch?v=HDs7PlOA9b4
"

프로그래머,개발자 억대 연봉의 시대 | 문과 vs. 이과 | 서울대 컴공 조남호가 답하다 | 유망직업 전망, 진로-직업 정하는 방법
",https://www.youtube.com/watch?v=qrmWTnqq3zk
"

이런 분들은 개발자 하지 마세요
",https://www.youtube.com/watch?v=AJ8rhNnoPSE
"

비전공자 IT 지방대분들이 프로그래머 개발자를 도전하기 전에 가져야 할 필수 지식
",https://www.youtube.com/watch?v=8VRQRIACJ0I
"

프로그래머의 종류는 뭐가 있을까요?
",https://www.youtube.com/watch?v=2JR1-m4sluY
"

괜찮은 프로그래머가 될 사람은 이미 정해져 있다.
",https://www.youtube.com/watch?v=TG9bpvGi2BE
"

[날것vlog] 판교 개발자들은 진짜로 이렇게 살까? (feat. 디씨프갤) (개발자 vlog 개발자 브이로그 판교개발자 프로그래머 프로그래밍 갤러리 디씨인사이드)
",https://www.youtube.com/watch?v=2aNkwbNLsXg
"

[알고리즘] 2020 카카오 공채 블라인드 코딩 테스트 | 문자열 압축| 파이썬 | 개발자 | 프로그래머스 | 난이도 1
",https://www.youtube.com/watch?v=jaPH3GLbqfw
"

[ 개발자 브이로그 ] 판교 신입 개발자의 출근부터 퇴근 후 까지 👩‍💻👨‍💻
",https://www.youtube.com/watch?v=ZpURdbAQ2B0
"

📚모트독서실📚│모트모트│스터디윗미 실시간│같이 공부해요│한국외대 ELLT 학과│study with me live│공부자극│공부할 때│뽀모도로 공부법│백색소음│ASMR│장작🔥
",https://www.youtube.com/watch?v=6jnQALA-R-A
"

이런분들은 코딩 배워도 실패합니다. 부트캠프 강사가 말하는 개발자 될놈과 안될놈
",https://www.youtube.com/watch?v=tMIl7fcVXJY
"

[셀트권] 공매도 수급이 변화 되고 있다는것은?
",https://www.youtube.com/watch?v=nG0Oh9TEfmg
"

프론트엔드? 백엔드? 진로고민 하시는 분은 보세요 | 개발자 직군별 차이, 성향, 연봉
",https://www.youtube.com/watch?v=S9qAtvvvxio
"

[프로그래머] 당신이 프로그래머를 꿈꾸신다면 이 영상을 꼭 시청하고 가세요[Feat : SW 개발자]
",https://www.youtube.com/watch?v=hWMztQ4djCY
"

일반인이 생각하는 프로그래밍 vs 현실 프로그래밍 #Shorts
",https://www.youtube.com/shorts/cXB8rCW7lto
"

[크리티컬 레전드] 개사기 마스터 프로그래머 만드는 방법??!!
",https://www.youtube.com/watch?v=FdEvZUGj0xs
"

""프로그래머가 꿈인데 학교공부는 하기 싫어요.."" 현직 프로그래머가 알려주는 공부법!
",https://www.youtube.com/watch?v=soYrrBNhMH4
"

개발자 프로그래머의 현실 1편 (si업체 편)
",https://www.youtube.com/watch?v=u5AkJgSzXvk
"

게임개발자가 되려는 중 고등학생들분들은 보세요
",https://www.youtube.com/watch?v=jz21feywgxA
"

코딩/프로그래밍 개발자가 되고 싶으신가요? 어떤 분야가 있는지 정리해드립니다. (ft. 과학쿠키)
",https://www.youtube.com/watch?v=nnrqBJqp0dU
"

개발자의 진짜 모습을 공개합니다!
",https://www.youtube.com/watch?v=KK-arBJ8I4g
"

#11 폴 그레이엄: 같은 대상, 다른 패러다임 - 해커, 프로그래머, 개발자, 그리고 엔지니어
",https://www.youtube.com/watch?v=SKQyVC7-Ahk
"

15년차 프로그래머(개발자)가 그만둔 이유 (feat 모든일은 기초가 중요하다)
",https://www.youtube.com/watch?v=4MR25oNbsXE
"

영화의전당 직무소개 1탄! #영화프로그래머
",https://www.youtube.com/watch?v=eu_siTFe838
"

초등학생도 이해하는 프로그래밍 기초
",https://www.youtube.com/watch?v=P3CasrExlmE
"

프로그래머스 국비교육 7일 vlog/올빼미 생활/웹프론트엔드 개발취준생
",https://www.youtube.com/watch?v=sl44BPlrW9w
"

개발 분야, 얼마나 알고 계신가요? (feat. 진로 탐색 가이드)
",https://www.youtube.com/watch?v=wZ-djOD2FdE
"

천재 프로그래머가 '최선을 다한다는 것'의 진짜 속뜻을 말합니다  ㅣ  폴 그레이엄
",https://www.youtube.com/watch?v=-iFnw1-VGnc
"

일반인이 생각하는 프로그래밍 vs 현실 프로그래밍 2탄
",https://www.youtube.com/watch?v=f53Xk2uuwNY
"

내일을 잡아라_시스템소프트웨어 프로그래머_한국고용정보원
",https://www.youtube.com/watch?v=iCOFqsIzjbU
"

프로그래머 5가지 수입 ( ft. 시급 70만원 )
",https://www.youtube.com/watch?v=6KXaICvYzYA
"

1. 프로그래머와 개발자의 차이 그리고 코딩을 꼭 해야 하는가?
",https://www.youtube.com/watch?v=-5Ar2QjOtfI
"

개발자 하세요! 프로그래머 장점.
",https://www.youtube.com/watch?v=Lmr59UiiaGs
"

멋쟁이사자처럼 프로그래머 이두희 / 더 이상 나를 천재해커라 부르지 마라
",https://www.youtube.com/watch?v=hUZuOYO_BAA
"

프로그래머스 국비교육 코딩테스트 합격? 불합격?
",https://www.youtube.com/watch?v=57bq77WnTIU
"

스마일게이트 직무소개! VR 게임 프로그래머 편
",https://www.youtube.com/watch?v=lVRVFMyl9lg
"

프로그래머 수학 잘해야 하나요? (feat. 개발 경력 20년차 인터뷰)
",https://www.youtube.com/watch?v=1krUFiuo5EY
"

프로그래머단점. 2. 끊임없는 공부
",https://www.youtube.com/watch?v=oLeh81jP8Yo
"

[Swift] 프로그래머스 두 개 뽑아서 더하기
",https://www.youtube.com/watch?v=fXj2Cog1hS0
"

프로그래머스 파일명 정렬 (python)
",https://www.youtube.com/watch?v=IcNPpsG8i2s
"

입 벌려, 레오스 카락스 신작 들어간다 | 서승희 프로그래머 | 더 친절한 프로그래머2
",https://www.youtube.com/watch?v=Z7krvZIkjEc
"

게임프로그래머 테크트리
",https://www.youtube.com/watch?v=iyELYDohb1M
"

웹 프로그래머 - 직업소개 (연봉, 업무, 현실, 프로그래머)
",https://www.youtube.com/watch?v=FLTNByWBTOE
"

생활습관을 고쳐야 좋은 엔지니어(프로그래머)가 된다
",https://www.youtube.com/watch?v=PCkFeHJxJn4
"

소수 찾기 프로그래머스 C++ 문제 풀이
",https://www.youtube.com/watch?v=FYCwmJbRXPY
"

프로그래머스 로또의 최고 순위와 최저 순위 (python)
",https://www.youtube.com/watch?v=c6xP4e1PXAU
"

[NDC] 신입 게임 프로그래머가 되는법 - 넥슨 채용 프로세스 단계별 분석
",https://www.youtube.com/watch?v=9XNFtbUmsLY
"

다이어트프로그래머
",https://www.youtube.com/watch?v=Wa0fWb-NuLc
"

라이징 프로그래머 수료식, 우승팀은 누구? | 라프 최종화
",https://www.youtube.com/watch?v=PGYyzqN3CGQ
"

[크리티컬 레전드]프로그래머 T1,T2 만드는법
",https://www.youtube.com/watch?v=CfUmoJxPQVU
"

프로그래머스 백엔드 데브코스 3분 요약 | 백엔드 개발자가 되기 위해 필요한것?
",https://www.youtube.com/watch?v=3A1Ingvx118
"

프로그래머 사이먼이 알려주는 컴퓨터적 사고(CT)
",https://www.youtube.com/watch?v=vxY6JlHg128
"

프로그래머스 자율주행 데브코스 | 제2회 자율주행 경진대회
",https://www.youtube.com/watch?v=8LzUUPVyS1I
"

[독서광] 실용주의 프로그래머 20주년 기념판
",https://www.youtube.com/watch?v=Yu4nwRjWjoA
"

크리티컬 레전드 마스터 프로그래머 티어3 얻는법!!
",https://www.youtube.com/watch?v=dklSClAJwPY
"

N사 프로그래머 이지혜 남편
",https://www.youtube.com/shorts/PzfeBYfmtI8
"

마스터 프로그래머
",https://www.youtube.com/watch?v=rfyRGQs-iHA
"

1억 받는 개발자(프로그래머) 포트폴리오 공개.
",https://www.youtube.com/watch?v=zT7Qe8BiIh8
"

프로그래머로 살아남기 위해 필요한 언어 둘
",https://www.youtube.com/watch?v=ESU2IkFj9VM
"

자신이 게임개발을 좋아하는지 알아보는법! [남세]
",https://www.youtube.com/watch?v=quPswRbzPkw
"

게임 개발자, 개발자 인터뷰, 게임 엔진 프로그래머와 테크니컬 아티스트를 함께 만나다.
",https://www.youtube.com/watch?v=3wm1mbhp_eE
"

프로그래머 vs 코더
",https://www.youtube.com/watch?v=rddtA7_dhPk
"

전화번호 목록 프로그래머스 C++ 문제 풀이
",https://www.youtube.com/watch?v=tC9CBWSzEBk
"

현직 개발자가 알려주는 프로그래머스 문제풀이
",https://www.youtube.com/watch?v=LiJh0h1JKG4
"

프로그래밍 공부 순서, 프로그래머 테크트리
",https://www.youtube.com/watch?v=rnlitLVv3Jc
"

[Swift] 프로그래머스 두 개 뽑아서 더하기
",https://www.youtube.com/watch?v=fXj2Cog1hS0
"

프로그래머스 국비교육 코딩테스트 합격? 불합격?
",https://www.youtube.com/watch?v=57bq77WnTIU
